<?xml version="1.0" encoding="utf-8"?>
<contact>
    <mesaje>
        <mesaj username="anonim" data="Sat Jun 12 2021 12:29:29 GMT+0300 (Eastern European Summer Time)">Bau!</mesaj>
        <mesaj username="anonim" data="Thu Dec 23 2021 17:49:38 GMT+0200 (Eastern European Standard Time)">ceva</mesaj>
        <mesaj username="abcd" data="Mon Jan 03 2022 10:43:55 GMT+0200 (Eastern European Standard Time)">Happy new year!</mesaj>
        <mesaj username="anonim" data="Thu May 19 2022 13:08:49 GMT+0300 (Eastern European Summer Time)">hello anonim</mesaj>
    </mesaje>
</contact>